sujet,date,statut
Quels tableaux installer dans un Airbnb bohème chic pour séduire les nomades digitaux ?,2025-10-13T07:57:19.735812,succès
L'art mural indispensable dans un Airbnb minimaliste japonais zen,2025-10-14T07:34:12.636601,succès
Tableaux pour Airbnb côtier : éviter le cliché de la mouette et du phare,2025-10-17T07:33:47.771448,succès
Comment choisir un tableau pour un Airbnb rétro années 70 sans tomber dans le kitsch ?,2025-10-21T07:35:18.345052,succès
Le tableau qui valorise un Airbnb haussmannien parisien avec moulures,2025-10-24T07:34:18.913774,succès
Art mural pour Airbnb écologique : matériaux et thématiques qui rassurent,2025-10-28T07:34:53.516166,succès
Le tableau idéal pour un Airbnb scandinave hygge qui convertit les visiteurs,2025-11-04T07:35:14.150855,succès
Quels tableaux installer dans un Airbnb rustique provençal sans faire ringard ?,2025-11-11T07:35:50.198832,succès
L'art contemporain qui sublime un Airbnb architecture moderne épurée,2025-11-18T07:12:44.915897,succès
Tableaux pour Airbnb montagne : dépasser les clichés du chalet savoyard,2025-11-25T07:13:58.625424,succès
Comment intégrer un tableau dans un Airbnb mid-century modern vintage ?,2025-12-02T07:16:02.182300,succès
L'art mural qui fait la différence dans un Airbnb urbain style Brooklyn,2025-12-09T07:16:28.645627,succès
Tableaux pour Airbnb tropical : exotisme sans tomber dans le cliché colonial,2025-12-16T07:17:02.015931,succès
Le tableau qui valorise un Airbnb avec verrière et espaces ouverts,2025-12-23T07:17:44.844237,succès
Art mural pour Airbnb familial : trouver l'équilibre entre neutre et chaleureux,2025-12-30T07:17:20.620399,succès
Quel tableau choisir pour un Airbnb glamour art déco années 20 ?,2026-01-06T07:19:30.852660,succès
L'art qui sublime un Airbnb dans un bâtiment historique classé,2026-01-13T07:18:52.380640,succès
Tableaux pour Airbnb campagne chic : éviter le côté trop bucolique,2026-01-20T07:21:44.227611,succès
Comment choisir un tableau pour un Airbnb style californien décontracté ?,2026-01-27T07:25:35.854915,succès
L'art mural qui transforme un Airbnb studio fonctionnel en cocon design,2026-02-01T07:35:32.473526,succès
Tableaux pour Airbnb méditerranéen : au-delà des oliviers et lavandes,2026-02-02T07:47:25.367345,succès
Le tableau parfait pour un Airbnb loft avec briques apparentes,2026-02-03T07:41:46.992287,succès
Art mural pour Airbnb luxe : quand le tableau devient signature de votre marque,2026-02-04T07:42:13.386758,succès
